file_id,object_name,processed
1000,0344-6782/2021-06-21/08/0344-6782_2021-06-21T08-15-51Z.jpg,0
1001,0344-6782/2021-06-21/08/0344-6782_2021-06-21T08-52-41Z.jpg,0
1002,0344-6782/2021-06-21/08/0344-6782_2021-06-21T08-35-34Z.jpg,0
1003,0344-6782/2021-06-21/08/0344-6782_2021-06-21T08-42-47Z.jpg,0
1004,0344-6782/2021-06-21/08/0344-6782_2021-06-21T08-36-28Z.jpg,0
1005,0344-6782/2021-06-21/08/0344-6782_2021-06-21T08-03-20Z.jpg,0
1006,0344-6782/2021-06-21/08/0344-6782_2021-06-21T08-37-10Z.jpg,0
1007,0344-6782/2021-06-21/08/0344-6782_2021-06-21T08-19-03Z.jpg,0
1008,0344-6782/2021-06-21/08/0344-6782_2021-06-21T08-47-53Z.jpg,0
1009,0344-6782/2021-06-21/08/0344-6782_2021-06-21T08-33-40Z.jpg,0
1010,0344-6782/2021-06-21/08/0344-6782_2021-06-21T08-12-57Z.jpg,0
1011,0344-6782/2021-06-21/08/0344-6782_2021-06-21T08-37-22Z.jpg,0
1012,0344-6782/2021-06-21/08/0344-6782_2021-06-21T08-04-51Z.jpg,0
1013,0344-6782/2021-06-21/08/0344-6782_2021-06-21T08-27-28Z.jpg,0
1014,0344-6782/2021-06-21/08/0344-6782_2021-06-21T08-57-29Z.jpg,0
1015,0344-6782/2021-06-21/08/0344-6782_2021-06-21T08-48-59Z.jpg,0
1016,0344-6782/2021-06-21/08/0344-6782_2021-06-21T08-20-57Z.jpg,0
1017,0344-6782/2021-06-21/08/0344-6782_2021-06-21T08-58-23Z.jpg,0
1018,0344-6782/2021-06-21/08/0344-6782_2021-06-21T08-20-09Z.jpg,0
1019,0344-6782/2021-06-21/08/0344-6782_2021-06-21T08-54-59Z.jpg,0
1020,0344-6782/2021-06-21/08/0344-6782_2021-06-21T08-55-17Z.jpg,0
1021,0344-6782/2021-06-21/08/0344-6782_2021-06-21T08-42-05Z.jpg,0
1022,0344-6782/2021-06-21/08/0344-6782_2021-06-21T08-54-05Z.jpg,0
1023,0344-6782/2021-06-21/08/0344-6782_2021-06-21T08-01-02Z.jpg,0
1024,0344-6782/2021-06-21/08/0344-6782_2021-06-21T08-06-21Z.jpg,0
1025,0344-6782/2021-06-21/08/0344-6782_2021-06-21T08-14-27Z.jpg,0
1026,0344-6782/2021-06-21/08/0344-6782_2021-06-21T08-07-57Z.jpg,0
1027,0344-6782/2021-06-21/08/0344-6782_2021-06-21T08-27-22Z.jpg,0
1028,0344-6782/2021-06-21/08/0344-6782_2021-06-21T08-45-23Z.jpg,0
1029,0344-6782/2021-06-21/08/0344-6782_2021-06-21T08-53-17Z.jpg,0
1030,0344-6782/2021-06-21/08/0344-6782_2021-06-21T08-39-46Z.jpg,0
1031,0344-6782/2021-06-21/08/0344-6782_2021-06-21T08-34-22Z.jpg,0
1032,0344-6782/2021-06-21/08/0344-6782_2021-06-21T08-40-22Z.jpg,0
1033,0344-6782/2021-06-21/08/0344-6782_2021-06-21T08-15-45Z.jpg,0
1034,0344-6782/2021-06-21/08/0344-6782_2021-06-21T08-35-40Z.jpg,0
1035,0344-6782/2021-06-21/08/0344-6782_2021-06-21T08-52-11Z.jpg,0
1036,0344-6782/2021-06-21/08/0344-6782_2021-06-21T08-03-44Z.jpg,0
1037,0344-6782/2021-06-21/08/0344-6782_2021-06-21T08-20-27Z.jpg,0
1038,0344-6782/2021-06-21/08/0344-6782_2021-06-21T08-22-15Z.jpg,0
1039,0344-6782/2021-06-21/08/0344-6782_2021-06-21T08-37-34Z.jpg,0
1040,0344-6782/2021-06-21/08/0344-6782_2021-06-21T08-31-22Z.jpg,0
1041,0344-6782/2021-06-21/08/0344-6782_2021-06-21T08-49-53Z.jpg,0
1042,0344-6782/2021-06-21/08/0344-6782_2021-06-21T08-53-11Z.jpg,0
1043,0344-6782/2021-06-21/08/0344-6782_2021-06-21T08-10-21Z.jpg,0
1044,0344-6782/2021-06-21/08/0344-6782_2021-06-21T08-55-47Z.jpg,0
1045,0344-6782/2021-06-21/08/0344-6782_2021-06-21T08-43-11Z.jpg,0
1046,0344-6782/2021-06-21/08/0344-6782_2021-06-21T08-03-32Z.jpg,0
1047,0344-6782/2021-06-21/08/0344-6782_2021-06-21T08-13-15Z.jpg,0
1048,0344-6782/2021-06-21/08/0344-6782_2021-06-21T08-59-23Z.jpg,0
1049,0344-6782/2021-06-21/08/0344-6782_2021-06-21T08-21-39Z.jpg,0
1050,0344-6782/2021-06-21/08/0344-6782_2021-06-21T08-31-52Z.jpg,0
1051,0344-6782/2021-06-21/08/0344-6782_2021-06-21T08-06-03Z.jpg,0
1052,0344-6782/2021-06-21/08/0344-6782_2021-06-21T08-54-35Z.jpg,0
1053,0344-6782/2021-06-21/08/0344-6782_2021-06-21T08-59-41Z.jpg,0
1054,0344-6782/2021-06-21/08/0344-6782_2021-06-21T08-07-09Z.jpg,0
1055,0344-6782/2021-06-21/08/0344-6782_2021-06-21T08-46-59Z.jpg,0
1056,0344-6782/2021-06-21/08/0344-6782_2021-06-21T08-25-28Z.jpg,0
1057,0344-6782/2021-06-21/08/0344-6782_2021-06-21T08-06-51Z.jpg,0
1058,0344-6782/2021-06-21/08/0344-6782_2021-06-21T08-31-46Z.jpg,0
1059,0344-6782/2021-06-21/08/0344-6782_2021-06-21T08-24-10Z.jpg,0
1060,0344-6782/2021-06-21/08/0344-6782_2021-06-21T08-38-58Z.jpg,0
1061,0344-6782/2021-06-21/08/0344-6782_2021-06-21T08-49-35Z.jpg,0
1062,0344-6782/2021-06-21/08/0344-6782_2021-06-21T08-08-27Z.jpg,0
1063,0344-6782/2021-06-21/08/0344-6782_2021-06-21T08-51-41Z.jpg,0
1064,0344-6782/2021-06-21/08/0344-6782_2021-06-21T08-34-28Z.jpg,0
1065,0344-6782/2021-06-21/08/0344-6782_2021-06-21T08-24-58Z.jpg,0
1066,0344-6782/2021-06-21/08/0344-6782_2021-06-21T08-25-52Z.jpg,0
1067,0344-6782/2021-06-21/08/0344-6782_2021-06-21T08-12-33Z.jpg,0
1068,0344-6782/2021-06-21/08/0344-6782_2021-06-21T08-57-59Z.jpg,0
1069,0344-6782/2021-06-21/08/0344-6782_2021-06-21T08-31-34Z.jpg,0
1070,0344-6782/2021-06-21/08/0344-6782_2021-06-21T08-21-09Z.jpg,0
1071,0344-6782/2021-06-21/08/0344-6782_2021-06-21T08-28-04Z.jpg,0
1072,0344-6782/2021-06-21/08/0344-6782_2021-06-21T08-49-29Z.jpg,0
1073,0344-6782/2021-06-21/08/0344-6782_2021-06-21T08-02-56Z.jpg,0
1074,0344-6782/2021-06-21/08/0344-6782_2021-06-21T08-33-04Z.jpg,0
1075,0344-6782/2021-06-21/08/0344-6782_2021-06-21T08-29-28Z.jpg,0
1076,0344-6782/2021-06-21/08/0344-6782_2021-06-21T08-25-22Z.jpg,0
1077,0344-6782/2021-06-21/08/0344-6782_2021-06-21T08-35-16Z.jpg,0
1078,0344-6782/2021-06-21/08/0344-6782_2021-06-21T08-47-11Z.jpg,0
1079,0344-6782/2021-06-21/08/0344-6782_2021-06-21T08-42-41Z.jpg,0
1080,0344-6782/2021-06-21/08/0344-6782_2021-06-21T08-28-52Z.jpg,0
1081,0344-6782/2021-06-21/08/0344-6782_2021-06-21T08-03-50Z.jpg,0
1082,0344-6782/2021-06-21/08/0344-6782_2021-06-21T08-44-53Z.jpg,0
1083,0344-6782/2021-06-21/08/0344-6782_2021-06-21T08-58-41Z.jpg,0
1084,0344-6782/2021-06-21/08/0344-6782_2021-06-21T08-08-51Z.jpg,0
1085,0344-6782/2021-06-21/08/0344-6782_2021-06-21T08-03-56Z.jpg,0
1086,0344-6782/2021-06-21/08/0344-6782_2021-06-21T08-33-34Z.jpg,0
1087,0344-6782/2021-06-21/08/0344-6782_2021-06-21T08-04-02Z.jpg,0
1088,0344-6782/2021-06-21/08/0344-6782_2021-06-21T08-10-45Z.jpg,0
1089,0344-6782/2021-06-21/08/0344-6782_2021-06-21T08-42-53Z.jpg,0
1090,0344-6782/2021-06-21/08/0344-6782_2021-06-21T08-26-28Z.jpg,0
1091,0344-6782/2021-06-21/08/0344-6782_2021-06-21T08-36-22Z.jpg,0
1092,0344-6782/2021-06-21/08/0344-6782_2021-06-21T08-49-41Z.jpg,0
1093,0344-6782/2021-06-21/08/0344-6782_2021-06-21T08-41-52Z.jpg,0
1094,0344-6782/2021-06-21/08/0344-6782_2021-06-21T08-56-05Z.jpg,0
1095,0344-6782/2021-06-21/08/0344-6782_2021-06-21T08-16-21Z.jpg,0
1096,0344-6782/2021-06-21/08/0344-6782_2021-06-21T08-10-33Z.jpg,0
1097,0344-6782/2021-06-21/08/0344-6782_2021-06-21T08-00-44Z.jpg,0
1098,0344-6782/2021-06-21/08/0344-6782_2021-06-21T08-05-03Z.jpg,0
1099,0344-6782/2021-06-21/08/0344-6782_2021-06-21T08-19-21Z.jpg,0
1100,0344-6782/2021-06-21/08/0344-6782_2021-06-21T08-50-47Z.jpg,0
1101,0344-6782/2021-06-21/08/0344-6782_2021-06-21T08-22-27Z.jpg,0
1102,0344-6782/2021-06-21/08/0344-6782_2021-06-21T08-12-27Z.jpg,0
1103,0344-6782/2021-06-21/08/0344-6782_2021-06-21T08-23-28Z.jpg,0
1104,0344-6782/2021-06-21/08/0344-6782_2021-06-21T08-38-16Z.jpg,0
1105,0344-6782/2021-06-21/08/0344-6782_2021-06-21T08-28-22Z.jpg,0
1106,0344-6782/2021-06-21/08/0344-6782_2021-06-21T08-56-17Z.jpg,0
1107,0344-6782/2021-06-21/08/0344-6782_2021-06-21T08-16-39Z.jpg,0
1108,0344-6782/2021-06-21/08/0344-6782_2021-06-21T08-10-09Z.jpg,0
1109,0344-6782/2021-06-21/08/0344-6782_2021-06-21T08-07-39Z.jpg,0
1110,0344-6782/2021-06-21/08/0344-6782_2021-06-21T08-20-03Z.jpg,0
1111,0344-6782/2021-06-21/08/0344-6782_2021-06-21T08-21-21Z.jpg,0
1112,0344-6782/2021-06-21/08/0344-6782_2021-06-21T08-08-45Z.jpg,0
1113,0344-6782/2021-06-21/08/0344-6782_2021-06-21T08-42-59Z.jpg,0
1114,0344-6782/2021-06-21/08/0344-6782_2021-06-21T08-32-52Z.jpg,0
1115,0344-6782/2021-06-21/08/0344-6782_2021-06-21T08-30-46Z.jpg,0
1116,0344-6782/2021-06-21/08/0344-6782_2021-06-21T08-26-10Z.jpg,0
1117,0344-6782/2021-06-21/08/0344-6782_2021-06-21T08-16-09Z.jpg,0
1118,0344-6782/2021-06-21/08/0344-6782_2021-06-21T08-44-47Z.jpg,0
1119,0344-6782/2021-06-21/08/0344-6782_2021-06-21T08-46-29Z.jpg,0
1120,0344-6782/2021-06-21/08/0344-6782_2021-06-21T08-43-23Z.jpg,0
1121,0344-6782/2021-06-21/08/0344-6782_2021-06-21T08-12-21Z.jpg,0
1122,0344-6782/2021-06-21/08/0344-6782_2021-06-21T08-01-38Z.jpg,0
1123,0344-6782/2021-06-21/08/0344-6782_2021-06-21T08-42-35Z.jpg,0
1124,0344-6782/2021-06-21/08/0344-6782_2021-06-21T08-41-40Z.jpg,0
1125,0344-6782/2021-06-21/08/0344-6782_2021-06-21T08-23-16Z.jpg,0
1126,0344-6782/2021-06-21/08/0344-6782_2021-06-21T08-10-15Z.jpg,0
1127,0344-6782/2021-06-21/08/0344-6782_2021-06-21T08-49-47Z.jpg,0
1128,0344-6782/2021-06-21/08/0344-6782_2021-06-21T08-48-41Z.jpg,0
1129,0344-6782/2021-06-21/08/0344-6782_2021-06-21T08-17-51Z.jpg,0
1130,0344-6782/2021-06-21/08/0344-6782_2021-06-21T08-36-34Z.jpg,0
1131,0344-6782/2021-06-21/08/0344-6782_2021-06-21T08-12-03Z.jpg,0
1132,0344-6782/2021-06-21/08/0344-6782_2021-06-21T08-49-05Z.jpg,0
1133,0344-6782/2021-06-21/08/0344-6782_2021-06-21T08-31-16Z.jpg,0
1134,0344-6782/2021-06-21/08/0344-6782_2021-06-21T08-27-16Z.jpg,0
1135,0344-6782/2021-06-21/08/0344-6782_2021-06-21T08-14-15Z.jpg,0
1136,0344-6782/2021-06-21/08/0344-6782_2021-06-21T08-01-44Z.jpg,0
1137,0344-6782/2021-06-21/08/0344-6782_2021-06-21T08-14-03Z.jpg,0
1138,0344-6782/2021-06-21/08/0344-6782_2021-06-21T08-25-34Z.jpg,0
1139,0344-6782/2021-06-21/08/0344-6782_2021-06-21T08-24-04Z.jpg,0
1140,0344-6782/2021-06-21/08/0344-6782_2021-06-21T08-44-59Z.jpg,0
1141,0344-6782/2021-06-21/08/0344-6782_2021-06-21T08-05-15Z.jpg,0
1142,0344-6782/2021-06-21/08/0344-6782_2021-06-21T08-33-28Z.jpg,0
1143,0344-6782/2021-06-21/08/0344-6782_2021-06-21T08-05-27Z.jpg,0
1144,0344-6782/2021-06-21/08/0344-6782_2021-06-21T08-24-16Z.jpg,0
1145,0344-6782/2021-06-21/08/0344-6782_2021-06-21T08-24-46Z.jpg,0
1146,0344-6782/2021-06-21/08/0344-6782_2021-06-21T08-26-58Z.jpg,0
1147,0344-6782/2021-06-21/08/0344-6782_2021-06-21T08-36-16Z.jpg,0
1148,0344-6782/2021-06-21/08/0344-6782_2021-06-21T08-12-39Z.jpg,0
1149,0344-6782/2021-06-21/08/0344-6782_2021-06-21T08-59-47Z.jpg,0
1150,0344-6782/2021-06-21/08/0344-6782_2021-06-21T08-12-45Z.jpg,0
1151,0344-6782/2021-06-21/08/0344-6782_2021-06-21T08-51-59Z.jpg,0
1152,0344-6782/2021-06-21/08/0344-6782_2021-06-21T08-24-28Z.jpg,0
1153,0344-6782/2021-06-21/08/0344-6782_2021-06-21T08-34-58Z.jpg,0
1154,0344-6782/2021-06-21/08/0344-6782_2021-06-21T08-43-47Z.jpg,0
1155,0344-6782/2021-06-21/08/0344-6782_2021-06-21T08-48-23Z.jpg,0
1156,0344-6782/2021-06-21/08/0344-6782_2021-06-21T08-01-32Z.jpg,0
1157,0344-6782/2021-06-21/08/0344-6782_2021-06-21T08-40-40Z.jpg,0
1158,0344-6782/2021-06-21/08/0344-6782_2021-06-21T08-11-45Z.jpg,0
1159,0344-6782/2021-06-21/08/0344-6782_2021-06-21T08-24-40Z.jpg,0
1160,0344-6782/2021-06-21/08/0344-6782_2021-06-21T08-18-51Z.jpg,0
1161,0344-6782/2021-06-21/08/0344-6782_2021-06-21T08-35-10Z.jpg,0
1162,0344-6782/2021-06-21/08/0344-6782_2021-06-21T08-00-20Z.jpg,0
1163,0344-6782/2021-06-21/08/0344-6782_2021-06-21T08-34-40Z.jpg,0
1164,0344-6782/2021-06-21/08/0344-6782_2021-06-21T08-05-45Z.jpg,0
1165,0344-6782/2021-06-21/08/0344-6782_2021-06-21T08-56-23Z.jpg,0
1166,0344-6782/2021-06-21/08/0344-6782_2021-06-21T08-27-40Z.jpg,0
1167,0344-6782/2021-06-21/08/0344-6782_2021-06-21T08-14-39Z.jpg,0
1168,0344-6782/2021-06-21/08/0344-6782_2021-06-21T08-00-14Z.jpg,0
1169,0344-6782/2021-06-21/08/0344-6782_2021-06-21T08-01-14Z.jpg,0
1170,0344-6782/2021-06-21/08/0344-6782_2021-06-21T08-56-11Z.jpg,0
1171,0344-6782/2021-06-21/08/0344-6782_2021-06-21T08-53-59Z.jpg,0
1172,0344-6782/2021-06-21/08/0344-6782_2021-06-21T08-10-39Z.jpg,0
1173,0344-6782/2021-06-21/08/0344-6782_2021-06-21T08-09-21Z.jpg,0
1174,0344-6782/2021-06-21/08/0344-6782_2021-06-21T08-26-16Z.jpg,0
1175,0344-6782/2021-06-21/08/0344-6782_2021-06-21T08-31-58Z.jpg,0
1176,0344-6782/2021-06-21/08/0344-6782_2021-06-21T08-59-17Z.jpg,0
1177,0344-6782/2021-06-21/08/0344-6782_2021-06-21T08-04-21Z.jpg,0
1178,0344-6782/2021-06-21/08/0344-6782_2021-06-21T08-15-21Z.jpg,0
1179,0344-6782/2021-06-21/08/0344-6782_2021-06-21T08-37-16Z.jpg,0
1180,0344-6782/2021-06-21/08/0344-6782_2021-06-21T08-18-03Z.jpg,0
1181,0344-6782/2021-06-21/08/0344-6782_2021-06-21T08-16-45Z.jpg,0
1182,0344-6782/2021-06-21/08/0344-6782_2021-06-21T08-04-27Z.jpg,0
1183,0344-6782/2021-06-21/08/0344-6782_2021-06-21T08-10-51Z.jpg,0
1184,0344-6782/2021-06-21/08/0344-6782_2021-06-21T08-50-23Z.jpg,0
1185,0344-6782/2021-06-21/08/0344-6782_2021-06-21T08-59-35Z.jpg,0
1186,0344-6782/2021-06-21/08/0344-6782_2021-06-21T08-29-16Z.jpg,0
1187,0344-6782/2021-06-21/08/0344-6782_2021-06-21T08-28-28Z.jpg,0
1188,0344-6782/2021-06-21/08/0344-6782_2021-06-21T08-09-15Z.jpg,0
1189,0344-6782/2021-06-21/08/0344-6782_2021-06-21T08-45-59Z.jpg,0
1190,0344-6782/2021-06-21/08/0344-6782_2021-06-21T08-16-57Z.jpg,0
1191,0344-6782/2021-06-21/08/0344-6782_2021-06-21T08-01-56Z.jpg,0
1192,0344-6782/2021-06-21/08/0344-6782_2021-06-21T08-18-21Z.jpg,0
1193,0344-6782/2021-06-21/08/0344-6782_2021-06-21T08-22-39Z.jpg,0
1194,0344-6782/2021-06-21/08/0344-6782_2021-06-21T08-37-28Z.jpg,0
1195,0344-6782/2021-06-21/08/0344-6782_2021-06-21T08-15-39Z.jpg,0
1196,0344-6782/2021-06-21/08/0344-6782_2021-06-21T08-58-35Z.jpg,0
1197,0344-6782/2021-06-21/08/0344-6782_2021-06-21T08-45-05Z.jpg,0
1198,0344-6782/2021-06-21/08/0344-6782_2021-06-21T08-19-57Z.jpg,0
1199,0344-6782/2021-06-21/08/0344-6782_2021-06-21T08-15-33Z.jpg,0
1200,0344-6782/2021-06-21/08/0344-6782_2021-06-21T08-20-39Z.jpg,0
1201,0344-6782/2021-06-21/08/0344-6782_2021-06-21T08-08-39Z.jpg,0
1202,0344-6782/2021-06-21/08/0344-6782_2021-06-21T08-10-57Z.jpg,0
1203,0344-6782/2021-06-21/08/0344-6782_2021-06-21T08-00-26Z.jpg,0
1204,0344-6782/2021-06-21/08/0344-6782_2021-06-21T08-20-33Z.jpg,0
1205,0344-6782/2021-06-21/08/0344-6782_2021-06-21T08-11-27Z.jpg,0
1206,0344-6782/2021-06-21/08/0344-6782_2021-06-21T08-22-57Z.jpg,0
1207,0344-6782/2021-06-21/08/0344-6782_2021-06-21T08-31-04Z.jpg,0
1208,0344-6782/2021-06-21/08/0344-6782_2021-06-21T08-45-29Z.jpg,0
1209,0344-6782/2021-06-21/08/0344-6782_2021-06-21T08-53-23Z.jpg,0
1210,0344-6782/2021-06-21/08/0344-6782_2021-06-21T08-50-11Z.jpg,0
1211,0344-6782/2021-06-21/08/0344-6782_2021-06-21T08-32-34Z.jpg,0
1212,0344-6782/2021-06-21/08/0344-6782_2021-06-21T08-41-46Z.jpg,0
1213,0344-6782/2021-06-21/08/0344-6782_2021-06-21T08-13-39Z.jpg,0
1214,0344-6782/2021-06-21/08/0344-6782_2021-06-21T08-15-09Z.jpg,0
1215,0344-6782/2021-06-21/08/0344-6782_2021-06-21T08-38-10Z.jpg,0
1216,0344-6782/2021-06-21/08/0344-6782_2021-06-21T08-13-27Z.jpg,0
1217,0344-6782/2021-06-21/08/0344-6782_2021-06-21T08-38-40Z.jpg,0
1218,0344-6782/2021-06-21/08/0344-6782_2021-06-21T08-23-46Z.jpg,0
1219,0344-6782/2021-06-21/08/0344-6782_2021-06-21T08-25-58Z.jpg,0
1220,0344-6782/2021-06-21/08/0344-6782_2021-06-21T08-43-59Z.jpg,0
1221,0344-6782/2021-06-21/08/0344-6782_2021-06-21T08-43-05Z.jpg,0
1222,0344-6782/2021-06-21/08/0344-6782_2021-06-21T08-05-09Z.jpg,0
1223,0344-6782/2021-06-21/08/0344-6782_2021-06-21T08-23-03Z.jpg,0
1224,0344-6782/2021-06-21/08/0344-6782_2021-06-21T08-21-57Z.jpg,0
1225,0344-6782/2021-06-21/08/0344-6782_2021-06-21T08-41-16Z.jpg,0
1226,0344-6782/2021-06-21/08/0344-6782_2021-06-21T08-26-04Z.jpg,0
1227,0344-6782/2021-06-21/08/0344-6782_2021-06-21T08-23-40Z.jpg,0
1228,0344-6782/2021-06-21/08/0344-6782_2021-06-21T08-00-50Z.jpg,0
1229,0344-6782/2021-06-21/08/0344-6782_2021-06-21T08-07-45Z.jpg,0
1230,0344-6782/2021-06-21/08/0344-6782_2021-06-21T08-13-33Z.jpg,0
1231,0344-6782/2021-06-21/08/0344-6782_2021-06-21T08-30-28Z.jpg,0
1232,0344-6782/2021-06-21/08/0344-6782_2021-06-21T08-17-45Z.jpg,0
1233,0344-6782/2021-06-21/08/0344-6782_2021-06-21T08-57-53Z.jpg,0
1234,0344-6782/2021-06-21/08/0344-6782_2021-06-21T08-03-26Z.jpg,0
1235,0344-6782/2021-06-21/08/0344-6782_2021-06-21T08-55-23Z.jpg,0
1236,0344-6782/2021-06-21/08/0344-6782_2021-06-21T08-02-20Z.jpg,0
1237,0344-6782/2021-06-21/08/0344-6782_2021-06-21T08-59-59Z.jpg,0
1238,0344-6782/2021-06-21/08/0344-6782_2021-06-21T08-36-58Z.jpg,0
1239,0344-6782/2021-06-21/08/0344-6782_2021-06-21T08-33-46Z.jpg,0
1240,0344-6782/2021-06-21/08/0344-6782_2021-06-21T08-13-45Z.jpg,0
1241,0344-6782/2021-06-21/08/0344-6782_2021-06-21T08-52-29Z.jpg,0
1242,0344-6782/2021-06-21/08/0344-6782_2021-06-21T08-19-39Z.jpg,0
1243,0344-6782/2021-06-21/08/0344-6782_2021-06-21T08-14-21Z.jpg,0
1244,0344-6782/2021-06-21/08/0344-6782_2021-06-21T08-33-16Z.jpg,0
1245,0344-6782/2021-06-21/08/0344-6782_2021-06-21T08-58-05Z.jpg,0
1246,0344-6782/2021-06-21/08/0344-6782_2021-06-21T08-47-47Z.jpg,0
1247,0344-6782/2021-06-21/08/0344-6782_2021-06-21T08-05-57Z.jpg,0
1248,0344-6782/2021-06-21/08/0344-6782_2021-06-21T08-20-51Z.jpg,0
1249,0344-6782/2021-06-21/08/0344-6782_2021-06-21T08-18-15Z.jpg,0
1250,0344-6782/2021-06-21/08/0344-6782_2021-06-21T08-39-28Z.jpg,0
1251,0344-6782/2021-06-21/08/0344-6782_2021-06-21T08-39-34Z.jpg,0
1252,0344-6782/2021-06-21/08/0344-6782_2021-06-21T08-44-11Z.jpg,0
1253,0344-6782/2021-06-21/08/0344-6782_2021-06-21T08-09-03Z.jpg,0
1254,0344-6782/2021-06-21/08/0344-6782_2021-06-21T08-25-10Z.jpg,0
1255,0344-6782/2021-06-21/08/0344-6782_2021-06-21T08-08-09Z.jpg,0
1256,0344-6782/2021-06-21/08/0344-6782_2021-06-21T08-04-39Z.jpg,0
1257,0344-6782/2021-06-21/08/0344-6782_2021-06-21T08-16-15Z.jpg,0
1258,0344-6782/2021-06-21/08/0344-6782_2021-06-21T08-57-05Z.jpg,0
1259,0344-6782/2021-06-21/08/0344-6782_2021-06-21T08-23-52Z.jpg,0
1260,0344-6782/2021-06-21/08/0344-6782_2021-06-21T08-30-40Z.jpg,0
1261,0344-6782/2021-06-21/08/0344-6782_2021-06-21T08-05-33Z.jpg,0
1262,0344-6782/2021-06-21/08/0344-6782_2021-06-21T08-06-27Z.jpg,0
1263,0344-6782/2021-06-21/08/0344-6782_2021-06-21T08-33-52Z.jpg,0
1264,0344-6782/2021-06-21/08/0344-6782_2021-06-21T08-54-11Z.jpg,0
1265,0344-6782/2021-06-21/08/0344-6782_2021-06-21T08-41-10Z.jpg,0
1266,0344-6782/2021-06-21/08/0344-6782_2021-06-21T08-33-22Z.jpg,0
1267,0344-6782/2021-06-21/08/0344-6782_2021-06-21T08-51-53Z.jpg,0
1268,0344-6782/2021-06-21/08/0344-6782_2021-06-21T08-09-39Z.jpg,0
1269,0344-6782/2021-06-21/08/0344-6782_2021-06-21T08-42-29Z.jpg,0
1270,0344-6782/2021-06-21/08/0344-6782_2021-06-21T08-35-22Z.jpg,0
1271,0344-6782/2021-06-21/08/0344-6782_2021-06-21T08-34-04Z.jpg,0
1272,0344-6782/2021-06-21/08/0344-6782_2021-06-21T08-09-27Z.jpg,0
1273,0344-6782/2021-06-21/08/0344-6782_2021-06-21T08-14-33Z.jpg,0
1274,0344-6782/2021-06-21/08/0344-6782_2021-06-21T08-21-03Z.jpg,0
1275,0344-6782/2021-06-21/08/0344-6782_2021-06-21T08-36-52Z.jpg,0
1276,0344-6782/2021-06-21/08/0344-6782_2021-06-21T08-34-52Z.jpg,0
1277,0344-6782/2021-06-21/08/0344-6782_2021-06-21T08-00-08Z.jpg,0
1278,0344-6782/2021-06-21/08/0344-6782_2021-06-21T08-11-51Z.jpg,0
1279,0344-6782/2021-06-21/08/0344-6782_2021-06-21T08-34-16Z.jpg,0
1280,0344-6782/2021-06-21/08/0344-6782_2021-06-21T08-02-26Z.jpg,0
1281,0344-6782/2021-06-21/08/0344-6782_2021-06-21T08-56-41Z.jpg,0
1282,0344-6782/2021-06-21/08/0344-6782_2021-06-21T08-20-15Z.jpg,0
1283,0344-6782/2021-06-21/08/0344-6782_2021-06-21T08-41-34Z.jpg,0
1284,0344-6782/2021-06-21/08/0344-6782_2021-06-21T08-19-33Z.jpg,0
1285,0344-6782/2021-06-21/08/0344-6782_2021-06-21T08-46-17Z.jpg,0
1286,0344-6782/2021-06-21/08/0344-6782_2021-06-21T08-51-23Z.jpg,0
1287,0344-6782/2021-06-21/08/0344-6782_2021-06-21T08-51-35Z.jpg,0
1288,0344-6782/2021-06-21/08/0344-6782_2021-06-21T08-22-33Z.jpg,0
1289,0344-6782/2021-06-21/08/0344-6782_2021-06-21T08-51-29Z.jpg,0
1290,0344-6782/2021-06-21/08/0344-6782_2021-06-21T08-22-21Z.jpg,0
1291,0344-6782/2021-06-21/08/0344-6782_2021-06-21T08-19-09Z.jpg,0
1292,0344-6782/2021-06-21/08/0344-6782_2021-06-21T08-08-33Z.jpg,0
1293,0344-6782/2021-06-21/08/0344-6782_2021-06-21T08-09-33Z.jpg,0
1294,0344-6782/2021-06-21/08/0344-6782_2021-06-21T08-32-58Z.jpg,0
1295,0344-6782/2021-06-21/08/0344-6782_2021-06-21T08-41-58Z.jpg,0
1296,0344-6782/2021-06-21/08/0344-6782_2021-06-21T08-31-40Z.jpg,0
1297,0344-6782/2021-06-21/08/0344-6782_2021-06-21T08-58-47Z.jpg,0
1298,0344-6782/2021-06-21/08/0344-6782_2021-06-21T08-42-23Z.jpg,0
1299,0344-6782/2021-06-21/08/0344-6782_2021-06-21T08-04-33Z.jpg,0
1300,0344-6782/2021-06-21/08/0344-6782_2021-06-21T08-52-59Z.jpg,0
1301,0344-6782/2021-06-21/08/0344-6782_2021-06-21T08-48-29Z.jpg,0
1302,0344-6782/2021-06-21/08/0344-6782_2021-06-21T08-27-46Z.jpg,0
1303,0344-6782/2021-06-21/08/0344-6782_2021-06-21T08-11-39Z.jpg,0
1304,0344-6782/2021-06-21/08/0344-6782_2021-06-21T08-38-46Z.jpg,0
1305,0344-6782/2021-06-21/08/0344-6782_2021-06-21T08-17-39Z.jpg,0
1306,0344-6782/2021-06-21/08/0344-6782_2021-06-21T08-13-09Z.jpg,0
1307,0344-6782/2021-06-21/08/0344-6782_2021-06-21T08-35-28Z.jpg,0
1308,0344-6782/2021-06-21/08/0344-6782_2021-06-21T08-31-28Z.jpg,0
1309,0344-6782/2021-06-21/08/0344-6782_2021-06-21T08-17-57Z.jpg,0
1310,0344-6782/2021-06-21/08/0344-6782_2021-06-21T08-49-23Z.jpg,0
1311,0344-6782/2021-06-21/08/0344-6782_2021-06-21T08-45-41Z.jpg,0
1312,0344-6782/2021-06-21/08/0344-6782_2021-06-21T08-24-52Z.jpg,0
1313,0344-6782/2021-06-21/08/0344-6782_2021-06-21T08-51-11Z.jpg,0
1314,0344-6782/2021-06-21/08/0344-6782_2021-06-21T08-37-52Z.jpg,0
1315,0344-6782/2021-06-21/08/0344-6782_2021-06-21T08-46-35Z.jpg,0
1316,0344-6782/2021-06-21/08/0344-6782_2021-06-21T08-00-56Z.jpg,0
1317,0344-6782/2021-06-21/08/0344-6782_2021-06-21T08-01-20Z.jpg,0
1318,0344-6782/2021-06-21/08/0344-6782_2021-06-21T08-25-16Z.jpg,0
1319,0344-6782/2021-06-21/08/0344-6782_2021-06-21T08-17-15Z.jpg,0
1320,0344-6782/2021-06-21/08/0344-6782_2021-06-21T08-53-47Z.jpg,0
1321,0344-6782/2021-06-21/08/0344-6782_2021-06-21T08-23-58Z.jpg,0
1322,0344-6782/2021-06-21/08/0344-6782_2021-06-21T08-02-14Z.jpg,0
1323,0344-6782/2021-06-21/08/0344-6782_2021-06-21T08-46-23Z.jpg,0
1324,0344-6782/2021-06-21/08/0344-6782_2021-06-21T08-19-15Z.jpg,0
1325,0344-6782/2021-06-21/08/0344-6782_2021-06-21T08-48-53Z.jpg,0
1326,0344-6782/2021-06-21/08/0344-6782_2021-06-21T08-44-41Z.jpg,0
1327,0344-6782/2021-06-21/08/0344-6782_2021-06-21T08-54-29Z.jpg,0
1328,0344-6782/2021-06-21/08/0344-6782_2021-06-21T08-56-53Z.jpg,0
1329,0344-6782/2021-06-21/08/0344-6782_2021-06-21T08-07-15Z.jpg,0
1330,0344-6782/2021-06-21/08/0344-6782_2021-06-21T08-37-04Z.jpg,0
1331,0344-6782/2021-06-21/08/0344-6782_2021-06-21T08-27-34Z.jpg,0
1332,0344-6782/2021-06-21/08/0344-6782_2021-06-21T08-49-59Z.jpg,0
1333,0344-6782/2021-06-21/08/0344-6782_2021-06-21T08-14-45Z.jpg,0
1334,0344-6782/2021-06-21/08/0344-6782_2021-06-21T08-38-52Z.jpg,0
1335,0344-6782/2021-06-21/08/0344-6782_2021-06-21T08-09-51Z.jpg,0
1336,0344-6782/2021-06-21/08/0344-6782_2021-06-21T08-47-59Z.jpg,0
1337,0344-6782/2021-06-21/08/0344-6782_2021-06-21T08-47-23Z.jpg,0
1338,0344-6782/2021-06-21/08/0344-6782_2021-06-21T08-53-53Z.jpg,0
1339,0344-6782/2021-06-21/08/0344-6782_2021-06-21T08-58-53Z.jpg,0
1340,0344-6782/2021-06-21/08/0344-6782_2021-06-21T08-39-04Z.jpg,0
1341,0344-6782/2021-06-21/08/0344-6782_2021-06-21T08-02-08Z.jpg,0
1342,0344-6782/2021-06-21/08/0344-6782_2021-06-21T08-05-51Z.jpg,0
1343,0344-6782/2021-06-21/08/0344-6782_2021-06-21T08-41-22Z.jpg,0
1344,0344-6782/2021-06-21/08/0344-6782_2021-06-21T08-43-35Z.jpg,0
1345,0344-6782/2021-06-21/08/0344-6782_2021-06-21T08-37-58Z.jpg,0
1346,0344-6782/2021-06-21/08/0344-6782_2021-06-21T08-46-41Z.jpg,0
1347,0344-6782/2021-06-21/08/0344-6782_2021-06-21T08-11-15Z.jpg,0
1348,0344-6782/2021-06-21/08/0344-6782_2021-06-21T08-54-53Z.jpg,0
1349,0344-6782/2021-06-21/08/0344-6782_2021-06-21T08-45-11Z.jpg,0
1350,0344-6782/2021-06-21/08/0344-6782_2021-06-21T08-41-04Z.jpg,0
1351,0344-6782/2021-06-21/08/0344-6782_2021-06-21T08-58-59Z.jpg,0
1352,0344-6782/2021-06-21/08/0344-6782_2021-06-21T08-18-27Z.jpg,0
1353,0344-6782/2021-06-21/08/0344-6782_2021-06-21T08-27-58Z.jpg,0
1354,0344-6782/2021-06-21/08/0344-6782_2021-06-21T08-57-23Z.jpg,0
1355,0344-6782/2021-06-21/08/0344-6782_2021-06-21T08-26-40Z.jpg,0
1356,0344-6782/2021-06-21/08/0344-6782_2021-06-21T08-27-52Z.jpg,0
1357,0344-6782/2021-06-21/08/0344-6782_2021-06-21T08-32-04Z.jpg,0
1358,0344-6782/2021-06-21/08/0344-6782_2021-06-21T08-22-03Z.jpg,0
1359,0344-6782/2021-06-21/08/0344-6782_2021-06-21T08-14-51Z.jpg,0
1360,0344-6782/2021-06-21/08/0344-6782_2021-06-21T08-47-17Z.jpg,0
1361,0344-6782/2021-06-21/08/0344-6782_2021-06-21T08-59-29Z.jpg,0
1362,0344-6782/2021-06-21/08/0344-6782_2021-06-21T08-03-38Z.jpg,0
1363,0344-6782/2021-06-21/08/0344-6782_2021-06-21T08-08-57Z.jpg,0
1364,0344-6782/2021-06-21/08/0344-6782_2021-06-21T08-50-05Z.jpg,0
1365,0344-6782/2021-06-21/08/0344-6782_2021-06-21T08-29-04Z.jpg,0
1366,0344-6782/2021-06-21/08/0344-6782_2021-06-21T08-43-17Z.jpg,0
1367,0344-6782/2021-06-21/08/0344-6782_2021-06-21T08-15-03Z.jpg,0
1368,0344-6782/2021-06-21/08/0344-6782_2021-06-21T08-53-05Z.jpg,0
1369,0344-6782/2021-06-21/08/0344-6782_2021-06-21T08-08-03Z.jpg,0
1370,0344-6782/2021-06-21/08/0344-6782_2021-06-21T08-58-17Z.jpg,0
1371,0344-6782/2021-06-21/08/0344-6782_2021-06-21T08-21-33Z.jpg,0
1372,0344-6782/2021-06-21/08/0344-6782_2021-06-21T08-15-57Z.jpg,0
1373,0344-6782/2021-06-21/08/0344-6782_2021-06-21T08-12-09Z.jpg,0
1374,0344-6782/2021-06-21/08/0344-6782_2021-06-21T08-58-29Z.jpg,0
1375,0344-6782/2021-06-21/08/0344-6782_2021-06-21T08-35-46Z.jpg,0
1376,0344-6782/2021-06-21/08/0344-6782_2021-06-21T08-12-51Z.jpg,0
1377,0344-6782/2021-06-21/08/0344-6782_2021-06-21T08-48-35Z.jpg,0
1378,0344-6782/2021-06-21/08/0344-6782_2021-06-21T08-29-10Z.jpg,0
1379,0344-6782/2021-06-21/08/0344-6782_2021-06-21T08-40-04Z.jpg,0
1380,0344-6782/2021-06-21/08/0344-6782_2021-06-21T08-23-34Z.jpg,0
1381,0344-6782/2021-06-21/08/0344-6782_2021-06-21T08-39-58Z.jpg,0
1382,0344-6782/2021-06-21/08/0344-6782_2021-06-21T08-13-57Z.jpg,0
1383,0344-6782/2021-06-21/08/0344-6782_2021-06-21T08-44-05Z.jpg,0
1384,0344-6782/2021-06-21/08/0344-6782_2021-06-21T08-34-34Z.jpg,0
1385,0344-6782/2021-06-21/08/0344-6782_2021-06-21T08-52-17Z.jpg,0
1386,0344-6782/2021-06-21/08/0344-6782_2021-06-21T08-17-09Z.jpg,0
1387,0344-6782/2021-06-21/08/0344-6782_2021-06-21T08-43-53Z.jpg,0
1388,0344-6782/2021-06-21/08/0344-6782_2021-06-21T08-30-34Z.jpg,0
1389,0344-6782/2021-06-21/08/0344-6782_2021-06-21T08-52-35Z.jpg,0
1390,0344-6782/2021-06-21/08/0344-6782_2021-06-21T08-06-39Z.jpg,0
1391,0344-6782/2021-06-21/08/0344-6782_2021-06-21T08-37-40Z.jpg,0
1392,0344-6782/2021-06-21/08/0344-6782_2021-06-21T08-18-33Z.jpg,0
1393,0344-6782/2021-06-21/08/0344-6782_2021-06-21T08-45-53Z.jpg,0
1394,0344-6782/2021-06-21/08/0344-6782_2021-06-21T08-38-28Z.jpg,0
1395,0344-6782/2021-06-21/08/0344-6782_2021-06-21T08-39-16Z.jpg,0
1396,0344-6782/2021-06-21/08/0344-6782_2021-06-21T08-53-35Z.jpg,0
1397,0344-6782/2021-06-21/08/0344-6782_2021-06-21T08-36-10Z.jpg,0
1398,0344-6782/2021-06-21/08/0344-6782_2021-06-21T08-32-46Z.jpg,0
1399,0344-6782/2021-06-21/08/0344-6782_2021-06-21T08-18-39Z.jpg,0
1400,0344-6782/2021-06-21/08/0344-6782_2021-06-21T08-02-32Z.jpg,0
1401,0344-6782/2021-06-21/08/0344-6782_2021-06-21T08-29-34Z.jpg,0
1402,0344-6782/2021-06-21/08/0344-6782_2021-06-21T08-40-34Z.jpg,0
1403,0344-6782/2021-06-21/08/0344-6782_2021-06-21T08-08-21Z.jpg,0
1404,0344-6782/2021-06-21/08/0344-6782_2021-06-21T08-10-03Z.jpg,0
1405,0344-6782/2021-06-21/08/0344-6782_2021-06-21T08-06-15Z.jpg,0
1406,0344-6782/2021-06-21/08/0344-6782_2021-06-21T08-28-16Z.jpg,0
1407,0344-6782/2021-06-21/08/0344-6782_2021-06-21T08-44-23Z.jpg,0
1408,0344-6782/2021-06-21/08/0344-6782_2021-06-21T08-37-46Z.jpg,0
1409,0344-6782/2021-06-21/08/0344-6782_2021-06-21T08-39-10Z.jpg,0
1410,0344-6782/2021-06-21/08/0344-6782_2021-06-21T08-35-52Z.jpg,0
1411,0344-6782/2021-06-21/08/0344-6782_2021-06-21T08-59-53Z.jpg,0
1412,0344-6782/2021-06-21/08/0344-6782_2021-06-21T08-56-29Z.jpg,0
1413,0344-6782/2021-06-21/08/0344-6782_2021-06-21T08-47-29Z.jpg,0
1414,0344-6782/2021-06-21/08/0344-6782_2021-06-21T08-54-41Z.jpg,0
1415,0344-6782/2021-06-21/08/0344-6782_2021-06-21T08-55-41Z.jpg,0
1416,0344-6782/2021-06-21/08/0344-6782_2021-06-21T08-40-28Z.jpg,0
1417,0344-6782/2021-06-21/08/0344-6782_2021-06-21T08-58-11Z.jpg,0
1418,0344-6782/2021-06-21/08/0344-6782_2021-06-21T08-19-45Z.jpg,0
1419,0344-6782/2021-06-21/08/0344-6782_2021-06-21T08-52-05Z.jpg,0
1420,0344-6782/2021-06-21/08/0344-6782_2021-06-21T08-50-17Z.jpg,0
1421,0344-6782/2021-06-21/08/0344-6782_2021-06-21T08-55-11Z.jpg,0
1422,0344-6782/2021-06-21/08/0344-6782_2021-06-21T08-46-47Z.jpg,0
1423,0344-6782/2021-06-21/08/0344-6782_2021-06-21T08-40-10Z.jpg,0
1424,0344-6782/2021-06-21/08/0344-6782_2021-06-21T08-29-40Z.jpg,0
1425,0344-6782/2021-06-21/08/0344-6782_2021-06-21T08-24-22Z.jpg,0
1426,0344-6782/2021-06-21/08/0344-6782_2021-06-21T08-11-57Z.jpg,0
1427,0344-6782/2021-06-21/08/0344-6782_2021-06-21T08-32-22Z.jpg,0
1428,0344-6782/2021-06-21/08/0344-6782_2021-06-21T08-29-22Z.jpg,0
1429,0344-6782/2021-06-21/08/0344-6782_2021-06-21T08-30-22Z.jpg,0
1430,0344-6782/2021-06-21/08/0344-6782_2021-06-21T08-21-27Z.jpg,0
1431,0344-6782/2021-06-21/08/0344-6782_2021-06-21T08-33-10Z.jpg,0
1432,0344-6782/2021-06-21/08/0344-6782_2021-06-21T08-48-17Z.jpg,0
1433,0344-6782/2021-06-21/08/0344-6782_2021-06-21T08-30-04Z.jpg,0
1434,0344-6782/2021-06-21/08/0344-6782_2021-06-21T08-13-51Z.jpg,0
1435,0344-6782/2021-06-21/08/0344-6782_2021-06-21T08-33-58Z.jpg,0
1436,0344-6782/2021-06-21/08/0344-6782_2021-06-21T08-50-59Z.jpg,0
1437,0344-6782/2021-06-21/08/0344-6782_2021-06-21T08-11-21Z.jpg,0
1438,0344-6782/2021-06-21/08/0344-6782_2021-06-21T08-19-27Z.jpg,0
1439,0344-6782/2021-06-21/08/0344-6782_2021-06-21T08-10-27Z.jpg,0
1440,0344-6782/2021-06-21/08/0344-6782_2021-06-21T08-03-02Z.jpg,0
1441,0344-6782/2021-06-21/08/0344-6782_2021-06-21T08-34-46Z.jpg,0
1442,0344-6782/2021-06-21/08/0344-6782_2021-06-21T08-17-21Z.jpg,0
1443,0344-6782/2021-06-21/08/0344-6782_2021-06-21T08-48-05Z.jpg,0
1444,0344-6782/2021-06-21/08/0344-6782_2021-06-21T08-18-45Z.jpg,0
1445,0344-6782/2021-06-21/08/0344-6782_2021-06-21T08-13-03Z.jpg,0
1446,0344-6782/2021-06-21/08/0344-6782_2021-06-21T08-11-09Z.jpg,0
1447,0344-6782/2021-06-21/08/0344-6782_2021-06-21T08-43-41Z.jpg,0
1448,0344-6782/2021-06-21/08/0344-6782_2021-06-21T08-17-27Z.jpg,0
1449,0344-6782/2021-06-21/08/0344-6782_2021-06-21T08-11-03Z.jpg,0
1450,0344-6782/2021-06-21/08/0344-6782_2021-06-21T08-44-35Z.jpg,0
1451,0344-6782/2021-06-21/08/0344-6782_2021-06-21T08-02-50Z.jpg,0
1452,0344-6782/2021-06-21/08/0344-6782_2021-06-21T08-44-17Z.jpg,0
1453,0344-6782/2021-06-21/08/0344-6782_2021-06-21T08-09-57Z.jpg,0
1454,0344-6782/2021-06-21/08/0344-6782_2021-06-21T08-22-45Z.jpg,0
1455,0344-6782/2021-06-21/08/0344-6782_2021-06-21T08-16-51Z.jpg,0
1456,0344-6782/2021-06-21/08/0344-6782_2021-06-21T08-07-33Z.jpg,0
1457,0344-6782/2021-06-21/08/0344-6782_2021-06-21T08-41-28Z.jpg,0
1458,0344-6782/2021-06-21/08/0344-6782_2021-06-21T08-56-47Z.jpg,0
1459,0344-6782/2021-06-21/08/0344-6782_2021-06-21T08-55-35Z.jpg,0
1460,0344-6782/2021-06-21/08/0344-6782_2021-06-21T08-01-08Z.jpg,0
1461,0344-6782/2021-06-21/08/0344-6782_2021-06-21T08-45-35Z.jpg,0
1462,0344-6782/2021-06-21/08/0344-6782_2021-06-21T08-11-33Z.jpg,0
1463,0344-6782/2021-06-21/08/0344-6782_2021-06-21T08-47-05Z.jpg,0
1464,0344-6782/2021-06-21/08/0344-6782_2021-06-21T08-15-27Z.jpg,0
1465,0344-6782/2021-06-21/08/0344-6782_2021-06-21T08-00-32Z.jpg,0
1466,0344-6782/2021-06-21/08/0344-6782_2021-06-21T08-46-11Z.jpg,0
1467,0344-6782/2021-06-21/08/0344-6782_2021-06-21T08-52-23Z.jpg,0
1468,0344-6782/2021-06-21/08/0344-6782_2021-06-21T08-15-15Z.jpg,0
1469,0344-6782/2021-06-21/08/0344-6782_2021-06-21T08-38-04Z.jpg,0
1470,0344-6782/2021-06-21/08/0344-6782_2021-06-21T08-51-17Z.jpg,0
1471,0344-6782/2021-06-21/08/0344-6782_2021-06-21T08-54-23Z.jpg,0
1472,0344-6782/2021-06-21/08/0344-6782_2021-06-21T08-04-57Z.jpg,0
1473,0344-6782/2021-06-21/08/0344-6782_2021-06-21T08-57-17Z.jpg,0
1474,0344-6782/2021-06-21/08/0344-6782_2021-06-21T08-40-58Z.jpg,0
1475,0344-6782/2021-06-21/08/0344-6782_2021-06-21T08-21-51Z.jpg,0
1476,0344-6782/2021-06-21/08/0344-6782_2021-06-21T08-43-29Z.jpg,0
1477,0344-6782/2021-06-21/08/0344-6782_2021-06-21T08-02-44Z.jpg,0
1478,0344-6782/2021-06-21/08/0344-6782_2021-06-21T08-07-51Z.jpg,0
1479,0344-6782/2021-06-21/08/0344-6782_2021-06-21T08-39-22Z.jpg,0
1480,0344-6782/2021-06-21/08/0344-6782_2021-06-21T08-51-05Z.jpg,0
1481,0344-6782/2021-06-21/08/0344-6782_2021-06-21T08-28-46Z.jpg,0
1482,0344-6782/2021-06-21/08/0344-6782_2021-06-21T08-32-40Z.jpg,0
1483,0344-6782/2021-06-21/08/0344-6782_2021-06-21T08-05-39Z.jpg,0
1484,0344-6782/2021-06-21/08/0344-6782_2021-06-21T08-26-46Z.jpg,0
1485,0344-6782/2021-06-21/08/0344-6782_2021-06-21T08-40-52Z.jpg,0
1486,0344-6782/2021-06-21/08/0344-6782_2021-06-21T08-57-41Z.jpg,0
1487,0344-6782/2021-06-21/08/0344-6782_2021-06-21T08-54-47Z.jpg,0
1488,0344-6782/2021-06-21/08/0344-6782_2021-06-21T08-18-09Z.jpg,0
1489,0344-6782/2021-06-21/08/0344-6782_2021-06-21T08-16-33Z.jpg,0
1490,0344-6782/2021-06-21/08/0344-6782_2021-06-21T08-01-50Z.jpg,0
1491,0344-6782/2021-06-21/08/0344-6782_2021-06-21T08-30-16Z.jpg,0
1492,0344-6782/2021-06-21/08/0344-6782_2021-06-21T08-13-21Z.jpg,0
1493,0344-6782/2021-06-21/08/0344-6782_2021-06-21T08-06-45Z.jpg,0
1494,0344-6782/2021-06-21/08/0344-6782_2021-06-21T08-20-45Z.jpg,0
1495,0344-6782/2021-06-21/08/0344-6782_2021-06-21T08-51-47Z.jpg,0
1496,0344-6782/2021-06-21/08/0344-6782_2021-06-21T08-02-38Z.jpg,0
1497,0344-6782/2021-06-21/08/0344-6782_2021-06-21T08-59-11Z.jpg,0
1498,0344-6782/2021-06-21/08/0344-6782_2021-06-21T08-30-58Z.jpg,0
1499,0344-6782/2021-06-21/08/0344-6782_2021-06-21T08-27-04Z.jpg,0
1500,0344-6782/2021-06-21/08/0344-6782_2021-06-21T08-48-11Z.jpg,0
1501,0344-6782/2021-06-21/08/0344-6782_2021-06-21T08-27-10Z.jpg,0
1502,0344-6782/2021-06-21/08/0344-6782_2021-06-21T08-42-11Z.jpg,0
1503,0344-6782/2021-06-21/08/0344-6782_2021-06-21T08-45-47Z.jpg,0
1504,0344-6782/2021-06-21/08/0344-6782_2021-06-21T08-04-15Z.jpg,0
1505,0344-6782/2021-06-21/08/0344-6782_2021-06-21T08-56-59Z.jpg,0
1506,0344-6782/2021-06-21/08/0344-6782_2021-06-21T08-49-11Z.jpg,0
1507,0344-6782/2021-06-21/08/0344-6782_2021-06-21T08-38-34Z.jpg,0
1508,0344-6782/2021-06-21/08/0344-6782_2021-06-21T08-42-17Z.jpg,0
1509,0344-6782/2021-06-21/08/0344-6782_2021-06-21T08-39-52Z.jpg,0
1510,0344-6782/2021-06-21/08/0344-6782_2021-06-21T08-28-10Z.jpg,0
1511,0344-6782/2021-06-21/08/0344-6782_2021-06-21T08-36-04Z.jpg,0
1512,0344-6782/2021-06-21/08/0344-6782_2021-06-21T08-28-40Z.jpg,0
1513,0344-6782/2021-06-21/08/0344-6782_2021-06-21T08-22-51Z.jpg,0
1514,0344-6782/2021-06-21/08/0344-6782_2021-06-21T08-29-52Z.jpg,0
1515,0344-6782/2021-06-21/08/0344-6782_2021-06-21T08-07-27Z.jpg,0
1516,0344-6782/2021-06-21/08/0344-6782_2021-06-21T08-21-15Z.jpg,0
1517,0344-6782/2021-06-21/08/0344-6782_2021-06-21T08-28-34Z.jpg,0
1518,0344-6782/2021-06-21/08/0344-6782_2021-06-21T08-14-09Z.jpg,0
1519,0344-6782/2021-06-21/08/0344-6782_2021-06-21T08-59-05Z.jpg,0
1520,0344-6782/2021-06-21/08/0344-6782_2021-06-21T08-17-03Z.jpg,0
1521,0344-6782/2021-06-21/08/0344-6782_2021-06-21T08-22-09Z.jpg,0
1522,0344-6782/2021-06-21/08/0344-6782_2021-06-21T08-04-09Z.jpg,0
1523,0344-6782/2021-06-21/08/0344-6782_2021-06-21T08-30-10Z.jpg,0
1524,0344-6782/2021-06-21/08/0344-6782_2021-06-21T08-29-46Z.jpg,0
1525,0344-6782/2021-06-21/08/0344-6782_2021-06-21T08-12-15Z.jpg,0
1526,0344-6782/2021-06-21/08/0344-6782_2021-06-21T08-04-45Z.jpg,0
1527,0344-6782/2021-06-21/08/0344-6782_2021-06-21T08-35-58Z.jpg,0
1528,0344-6782/2021-06-21/08/0344-6782_2021-06-21T08-46-05Z.jpg,0
1529,0344-6782/2021-06-21/08/0344-6782_2021-06-21T08-21-45Z.jpg,0
1530,0344-6782/2021-06-21/08/0344-6782_2021-06-21T08-18-57Z.jpg,0
1531,0344-6782/2021-06-21/08/0344-6782_2021-06-21T08-29-58Z.jpg,0
1532,0344-6782/2021-06-21/08/0344-6782_2021-06-21T08-53-41Z.jpg,0
1533,0344-6782/2021-06-21/08/0344-6782_2021-06-21T08-03-08Z.jpg,0
1534,0344-6782/2021-06-21/08/0344-6782_2021-06-21T08-07-03Z.jpg,0
1535,0344-6782/2021-06-21/08/0344-6782_2021-06-21T08-50-29Z.jpg,0
1536,0344-6782/2021-06-21/08/0344-6782_2021-06-21T08-39-40Z.jpg,0
1537,0344-6782/2021-06-21/08/0344-6782_2021-06-21T08-26-22Z.jpg,0
1538,0344-6782/2021-06-21/08/0344-6782_2021-06-21T08-31-10Z.jpg,0
1539,0344-6782/2021-06-21/08/0344-6782_2021-06-21T08-47-35Z.jpg,0
1540,0344-6782/2021-06-21/08/0344-6782_2021-06-21T08-54-17Z.jpg,0
1541,0344-6782/2021-06-21/08/0344-6782_2021-06-21T08-57-35Z.jpg,0
1542,0344-6782/2021-06-21/08/0344-6782_2021-06-21T08-00-38Z.jpg,0
1543,0344-6782/2021-06-21/08/0344-6782_2021-06-21T08-50-35Z.jpg,0
1544,0344-6782/2021-06-21/08/0344-6782_2021-06-21T08-36-46Z.jpg,0
1545,0344-6782/2021-06-21/08/0344-6782_2021-06-21T08-05-21Z.jpg,0
1546,0344-6782/2021-06-21/08/0344-6782_2021-06-21T08-55-29Z.jpg,0
1547,0344-6782/2021-06-21/08/0344-6782_2021-06-21T08-55-05Z.jpg,0
1548,0344-6782/2021-06-21/08/0344-6782_2021-06-21T08-19-51Z.jpg,0
1549,0344-6782/2021-06-21/08/0344-6782_2021-06-21T08-56-35Z.jpg,0
1550,0344-6782/2021-06-21/08/0344-6782_2021-06-21T08-52-53Z.jpg,0
1551,0344-6782/2021-06-21/08/0344-6782_2021-06-21T08-09-45Z.jpg,0
1552,0344-6782/2021-06-21/08/0344-6782_2021-06-21T08-30-52Z.jpg,0
1553,0344-6782/2021-06-21/08/0344-6782_2021-06-21T08-25-04Z.jpg,0
1554,0344-6782/2021-06-21/08/0344-6782_2021-06-21T08-06-57Z.jpg,0
1555,0344-6782/2021-06-21/08/0344-6782_2021-06-21T08-25-40Z.jpg,0
1556,0344-6782/2021-06-21/08/0344-6782_2021-06-21T08-34-10Z.jpg,0
1557,0344-6782/2021-06-21/08/0344-6782_2021-06-21T08-40-46Z.jpg,0
1558,0344-6782/2021-06-21/08/0344-6782_2021-06-21T08-49-17Z.jpg,0
1559,0344-6782/2021-06-21/08/0344-6782_2021-06-21T08-47-41Z.jpg,0
1560,0344-6782/2021-06-21/08/0344-6782_2021-06-21T08-38-22Z.jpg,0
1561,0344-6782/2021-06-21/08/0344-6782_2021-06-21T08-57-11Z.jpg,0
1562,0344-6782/2021-06-21/08/0344-6782_2021-06-21T08-52-47Z.jpg,0
1563,0344-6782/2021-06-21/08/0344-6782_2021-06-21T08-26-52Z.jpg,0
1564,0344-6782/2021-06-21/08/0344-6782_2021-06-21T08-50-53Z.jpg,0
1565,0344-6782/2021-06-21/08/0344-6782_2021-06-21T08-07-21Z.jpg,0
1566,0344-6782/2021-06-21/08/0344-6782_2021-06-21T08-32-10Z.jpg,0
1567,0344-6782/2021-06-21/08/0344-6782_2021-06-21T08-23-22Z.jpg,0
1568,0344-6782/2021-06-21/08/0344-6782_2021-06-21T08-16-03Z.jpg,0
1569,0344-6782/2021-06-21/08/0344-6782_2021-06-21T08-16-27Z.jpg,0
1570,0344-6782/2021-06-21/08/0344-6782_2021-06-21T08-57-47Z.jpg,0
1571,0344-6782/2021-06-21/08/0344-6782_2021-06-21T08-36-40Z.jpg,0
1572,0344-6782/2021-06-21/08/0344-6782_2021-06-21T08-32-16Z.jpg,0
1573,0344-6782/2021-06-21/08/0344-6782_2021-06-21T08-26-34Z.jpg,0
1574,0344-6782/2021-06-21/08/0344-6782_2021-06-21T08-40-16Z.jpg,0
1575,0344-6782/2021-06-21/08/0344-6782_2021-06-21T08-50-41Z.jpg,0
1576,0344-6782/2021-06-21/08/0344-6782_2021-06-21T08-00-02Z.jpg,0
1577,0344-6782/2021-06-21/08/0344-6782_2021-06-21T08-46-53Z.jpg,0
1578,0344-6782/2021-06-21/08/0344-6782_2021-06-21T08-09-09Z.jpg,0
1579,0344-6782/2021-06-21/08/0344-6782_2021-06-21T08-14-57Z.jpg,0
1580,0344-6782/2021-06-21/08/0344-6782_2021-06-21T08-25-46Z.jpg,0
1581,0344-6782/2021-06-21/08/0344-6782_2021-06-21T08-32-28Z.jpg,0
1582,0344-6782/2021-06-21/08/0344-6782_2021-06-21T08-35-04Z.jpg,0
1583,0344-6782/2021-06-21/08/0344-6782_2021-06-21T08-24-34Z.jpg,0
1584,0344-6782/2021-06-21/08/0344-6782_2021-06-21T08-44-29Z.jpg,0
1585,0344-6782/2021-06-21/08/0344-6782_2021-06-21T08-28-58Z.jpg,0
1586,0344-6782/2021-06-21/08/0344-6782_2021-06-21T08-06-09Z.jpg,0
1587,0344-6782/2021-06-21/08/0344-6782_2021-06-21T08-55-59Z.jpg,0
1588,0344-6782/2021-06-21/08/0344-6782_2021-06-21T08-17-33Z.jpg,0
1589,0344-6782/2021-06-21/08/0344-6782_2021-06-21T08-20-21Z.jpg,0
1590,0344-6782/2021-06-21/08/0344-6782_2021-06-21T08-23-10Z.jpg,0
1591,0344-6782/2021-06-21/08/0344-6782_2021-06-21T08-01-26Z.jpg,0
1592,0344-6782/2021-06-21/08/0344-6782_2021-06-21T08-03-14Z.jpg,0
1593,0344-6782/2021-06-21/08/0344-6782_2021-06-21T08-48-47Z.jpg,0
1594,0344-6782/2021-06-21/08/0344-6782_2021-06-21T08-08-15Z.jpg,0
1595,0344-6782/2021-06-21/08/0344-6782_2021-06-21T08-53-29Z.jpg,0
1596,0344-6782/2021-06-21/08/0344-6782_2021-06-21T08-55-53Z.jpg,0
1597,0344-6782/2021-06-21/08/0344-6782_2021-06-21T08-45-17Z.jpg,0
1598,0344-6782/2021-06-21/08/0344-6782_2021-06-21T08-02-02Z.jpg,0
1599,0344-6782/2021-06-21/08/0344-6782_2021-06-21T08-06-33Z.jpg,0
